# Progress Log

## Feature: Convert Path Aliases to Direct Relative Imports

Branch: ralph/direct-imports

**Goal:** Convert all `@/` path alias imports to relative imports for better tree-shaking.

**Scope:** ~609 imports across the codebase

| Category | Count |
|----------|-------|
| hooks | ~133 |
| providers | ~126 |
| utils | ~98 |
| components | ~79 |
| config | ~74 |
| types | ~69 |
| constants | ~14 |
| assets | ~10 |
| theme | ~6 |

---

## US-001: Convert @/types imports to relative imports ✅

**Status:** COMPLETED

**Changes made:**
- Converted 69 `@/types` imports across 50+ files to relative paths
- Used `import type` syntax for type-only imports where appropriate
- Relative paths calculated based on file location depth:
  - `../types` for files 1 level deep
  - `../../types` for files 2 levels deep
  - `../../../types` for files 3 levels deep
  - etc.

**Files modified:**
- config/swapAggregators.ts
- utils/constants.tsx, legalDocumentsUtils.ts
- utils/swap/apiAggregator.ts, betterSwap.tsx, simulateSwap.ts, uniswapV2Aggregator.ts, veTrade.tsx
- providers/LegalDocumentsProvider.tsx, PrivyWalletProvider.tsx, VeChainKitProvider.tsx
- hooks/generic-delegator/*.ts
- hooks/thor/transactions/*.ts
- hooks/api/privy/*.ts, ipfs/*.ts, swap/*.ts, vetDomains/*.ts, wallet/*.ts
- hooks/cache/*.ts, utils/*.ts
- components/AccountModal/*, TransactionModal/*, TransactionToast/*, ConnectModal/*, LegalDocumentsModal/*
- components/common/*.tsx

**Verification:**
- `yarn kit:typecheck` passes ✅
- No `@/types` imports remain in codebase ✅

---

## US-002: Convert @/utils imports to relative imports ✅

**Status:** COMPLETED

**Changes made:**
- Converted 98 `@/utils` imports across 60+ files to relative paths
- Import patterns converted:
  - `@/utils` → relative path to utils/index.ts
  - `@/utils/constants` → relative path to utils/constants
  - `@/utils/ssrUtils` → relative path to utils/ssrUtils
  - `@/utils/currencyUtils` → relative path to utils/currencyUtils
  - `@/utils/dateUtils` → relative path to utils/dateUtils
  - `@/utils/stringUtils` → relative path to utils/stringUtils
  - `@/utils/ipfs` → relative path to utils/ipfs
  - `@/utils/thorUtils` → relative path to utils/thorUtils
  - `@/utils/uri` → relative path to utils/uri
  - `@/utils/swap/*` → relative path to utils/swap/*
- Relative paths calculated based on file location depth

**Files modified:**
- hooks/generic-delegator/useGenericDelegator.ts, useGasTokenSelection.ts
- hooks/utils/useFeatureAnnouncement.ts, useAppHubApps.ts, useCurrency.ts, useCallClause.ts, useIsPwa.ts
- hooks/login/useLoginWithVeChain.ts
- hooks/api/privy/useFetchAppInfo.ts
- hooks/api/vetDomains/*.ts
- hooks/api/wallet/*.ts
- hooks/api/ipfs/*.ts
- hooks/cache/*.ts
- hooks/modals/useLoginModalContent.ts
- hooks/notifications/useNotifications.ts
- hooks/thor/blocks/useCurrentBlock.ts
- hooks/thor/smartAccounts/*.ts
- hooks/thor/transactions/*.ts
- providers/VeChainKitProvider.tsx, PrivyCrossAppProvider.tsx, ModalProvider.tsx, LegalDocumentsProvider.tsx, VechainKitThemeProvider.tsx
- config/swapAggregators.ts
- components/WalletButton/*.tsx
- components/ConnectModal/Contents/*.tsx
- components/AccountModal/Components/*.tsx
- components/AccountModal/Contents/**/*.tsx
- components/common/*.tsx

**Verification:**
- `yarn kit:typecheck` passes ✅
- No `@/utils` imports remain in codebase (except README.md documentation) ✅

---

## US-003: Convert @/config imports to relative imports ✅

**Status:** COMPLETED

**Changes made:**
- Converted 75 `@/config` imports across 55 files to relative paths
- Import patterns converted:
  - `@/config` → relative path to config/index.ts
  - `@/config/network` → relative path to config/network.ts
  - `@/config/swapAggregators` → relative path to config/swapAggregators.ts
- Relative paths calculated based on file location depth:
  - `../config` for files 1 level deep (utils/, providers/)
  - `../../config` for files 2 levels deep (hooks/utils/, hooks/generic-delegator/, components/TransactionModal/, etc.)
  - `../../../config` for files 3 levels deep (hooks/api/wallet/, hooks/api/ipfs/, hooks/api/vetDomains/, hooks/api/swap/, hooks/thor/smartAccounts/, components/UpgradeSmartAccountModal/Contents/)
  - `../../../../config` for files 4 levels deep (components/AccountModal/Contents/*/*)
  - `../../../../../config` for files 5 levels deep (components/AccountModal/Contents/ConnectionDetails/Components/)
  - `./network` for config/swapAggregators.ts (same directory)

**Files modified:**
- providers/VeChainKitProvider.tsx, PrivyWalletProvider.tsx
- hooks/generic-delegator/useGenericDelegator.ts
- hooks/utils/useBuildClauses.ts, useGetNodeUrl.ts
- hooks/api/swap/useSwapQuotes.ts
- hooks/api/wallet/useTokenBalances.ts, useWalletMetadata.ts, useRoundXApps.ts, useWalletStorage.ts, useIsPerson.ts, useCustomTokens.ts, useGetTokenUsdPrice.ts, useTokenPrices.ts, useXAppShares.ts, useXAppMetadata.tsx, useWallet.ts, useCurrentAllocationsRoundId.ts
- hooks/api/ipfs/useIpfsImage.ts, useIpfsMetadata.ts
- hooks/api/vetDomains/useGetAvatar.ts, useIsDomainProtected.ts, useGetAvatarLegacy.ts, useClaimVeWorldSubdomain.ts, utils/domainQueryUtils.ts, useGetDomainsOfAddress.ts, useClaimVetDomain.ts, useGetTextRecords.ts, useGetResolverAddress.ts, useEnsRecordExists.ts, useUnsetDomain.ts
- hooks/thor/smartAccounts/useAccountImplementationAddress.ts, useUpgradeRequired.ts, useHasV1SmartAccount.ts, useUpgradeRequiredForAccount.ts, useGetAccountAddress.ts, useGetAccountVersion.ts, useSmartAccount.ts, useCurrentAccountImplementationVersion.ts
- components/TransactionModal/TransactionModalContent.tsx
- components/common/TransactionButtonAndStatus.tsx
- components/TransactionToast/TransactionToastContent.tsx
- components/UpgradeSmartAccountModal/Contents/SuccessfulOperationContent.tsx
- components/AccountModal/Contents/SuccessfulOperation/SuccessfulOperationContent.tsx
- components/AccountModal/Contents/FailedOperation/FailedOperationContent.tsx
- components/AccountModal/Contents/ConnectionDetails/Components/ConnectionCard.tsx
- components/AccountModal/Contents/Swap/SwapTokenContent.tsx
- utils/uri.ts, constants.tsx, ipfs.ts
- utils/swap/veTrade.tsx, apiAggregator.ts, betterSwap.tsx
- config/swapAggregators.ts

**Verification:**
- `yarn kit:typecheck` passes ✅
- No `@/config` imports remain in codebase ✅

---

## US-004: Convert @/hooks imports to relative imports ✅

**Status:** COMPLETED

**Changes made:**
- Converted 100+ `@/hooks` imports across 80+ files to relative paths
- Import patterns converted:
  - `@/hooks` → relative path to hooks/index.ts
  - `@/hooks/api/wallet/*` → relative path to hooks/api/wallet/*
  - `@/hooks/api/vetDomains/*` → relative path to hooks/api/vetDomains/*
  - `@/hooks/notifications/*` → relative path to hooks/notifications/*
  - `@/hooks/modals/*` → relative path to hooks/modals/*
  - `@/hooks/utils/*` → relative path to hooks/utils/*
  - `@/hooks/cache/*` → relative path to hooks/cache/*
  - `@/hooks/thor/*` → relative path to hooks/thor/*
- Relative paths calculated based on file location depth:
  - `../hooks` for files 1 level deep (providers/, utils/)
  - `../../hooks` for files 2 levels deep (hooks/api/, hooks/signing/, etc.)
  - `../../../hooks` for files 3 levels deep (hooks/api/wallet/, components/common/, etc.)
  - `../../../../hooks` for files 4 levels deep (components/AccountModal/Contents/*/)
  - `../../../../../hooks` for files 5 levels deep (components/AccountModal/Contents/*/*/)
  - `../../../../../../hooks` for files 6 levels deep (components/AccountModal/Contents/*/*/*/)
- For files within hooks directory, relative imports like `./`, `../`, `../../` used as appropriate

**Files modified:**
- providers/PrivyWalletProvider.tsx, LegalDocumentsProvider.tsx, ModalProvider.tsx
- utils/currencyUtils.ts
- hooks/generic-delegator/useGenericDelegator.ts, useGenericDelegatorFeeEstimation.ts, useEstimateAllTokens.ts
- hooks/notifications/useNotifications.ts, useNotificationAlerts.ts
- hooks/signing/useSignTypedData.ts, useSignMessage.ts
- hooks/login/useLoginWithVeChain.ts
- hooks/modals/useWalletModal.tsx
- hooks/thor/transactions/useSendTransaction.ts, useBuildTransaction.ts, useTransferVET.ts, useTransferERC20.ts
- hooks/thor/smartAccounts/useUpgradeSmartAccount.ts, useRefreshSmartAccountQueries.ts, useGetAccountVersion.ts, useIsSmartAccountDeployed.ts, useRefreshFactoryQueries.ts
- hooks/api/wallet/useWallet.ts, useWalletMetadata.ts, useTokenBalances.ts, useRefreshMetadata.ts, useSwitchWallet.ts, useCustomTokens.ts, useGetCustomTokenBalances.ts, useCurrentAllocationsRoundId.ts, useRoundXApps.ts
- hooks/api/vetDomains/useUnsetDomain.ts, useUpdateTextRecord.ts, useGetResolverAddress.ts, useClaimVetDomain.ts, useClaimVeWorldSubdomain.ts, utils/domainQueryUtils.ts
- hooks/api/swap/useSwapQuotes.ts, useSwapTransaction.ts
- components/common/AddressDisplayCard.tsx, ScrollToTopWrapper.tsx, GasFeeSummary.tsx, GasFeeTokenSelector.tsx, ModalSettingsButton.tsx, AssetButton.tsx
- components/WalletButton/AssetIcons.tsx, ConnectedWallet.tsx, WalletButton.tsx, WalletDisplay.tsx
- components/ConnectModal/ConnectPopover.tsx, Contents/MainContent.tsx, Contents/EcosystemContent.tsx, Components/*.tsx
- components/AccountModal/AccountModal.tsx, Components/*.tsx, Contents/**/*.tsx
- components/UpgradeSmartAccountModal/Contents/UpgradeSmartAccountContent.tsx

**Verification:**
- `yarn kit:typecheck` passes ✅
- No `@/hooks` imports remain in codebase ✅

---

## US-005: Convert @/providers imports to relative imports ✅

**Status:** COMPLETED

**Changes made:**
- Converted 7 remaining `@/providers` imports to relative paths (most were already converted in previous work)
- Relative paths calculated based on file location depth:
  - `../../providers` for files 2 levels deep
  - `../../../../providers` for files 4 levels deep
  - `../../../../../providers` for files 5 levels deep
  - `../../../../../../providers` for files 6 levels deep

**Files modified:**
- components/EmailCodeVerificationModal/EmailCodeVerificationModal.tsx → `../../providers`
- components/AccountModal/Contents/SuccessfulOperation/SuccessfulOperationContent.tsx → `../../../../providers`
- components/AccountModal/Contents/FailedOperation/FailedOperationContent.tsx → `../../../../providers`
- components/AccountModal/Contents/Ecosystem/ExploreEcosystemContent.tsx → `../../../../providers`
- components/AccountModal/Contents/Profile/Components/ProfileCard/ProfileCard.tsx → `../../../../../../providers`
- components/AccountModal/Contents/Profile/Customization/CustomizationSummaryContent.tsx → `../../../../../providers`
- components/AccountModal/Contents/Profile/Customization/CustomizationContent.tsx → `../../../../../providers`

**Verification:**
- `yarn kit:typecheck` passes ✅
- No `@/providers` imports remain in codebase ✅

---

## US-006: Convert @/components imports to relative imports ✅

**Status:** COMPLETED

**Changes made:**
- Converted 79 `@/components` imports across 55+ files to relative paths
- Import patterns converted:
  - `@/components` → relative path to components/index.ts
  - `@/components/common` → relative path to common/
  - `@/components/common/*` → relative path to common/*
  - `@/components/AccountModal/*` → relative path to AccountModal/*
  - `@/components/TransactionModal` → relative path to TransactionModal/
  - `@/components/WalletButton/*` → relative path to WalletButton/*
- Relative paths calculated based on file location depth:
  - `../` for files 1 level deep
  - `../../` for files 2 levels deep
  - `../../../` for files 3 levels deep
  - `../../../../` for files 4 levels deep
  - `../../../../../` for files 5 levels deep
  - `../../../../../../` for files 6 levels deep

**Files modified:**
- hooks/modals/useConnectModal.tsx, useSwapTokenModal.tsx, useUpgradeSmartAccountModal.tsx
- hooks/notifications/types.ts
- providers/LegalDocumentsProvider.tsx
- components/WalletButton/WalletButton.tsx
- components/ConnectModal/ConnectModal.tsx, Contents/LoadingContent.tsx, Contents/MainContent.tsx, Contents/EcosystemContent.tsx, Contents/ErrorContent.tsx
- components/ConnectModal/Components/VeChainLoginButton.tsx, DappKitButton.tsx, PrivyButton.tsx, PasskeyLoginButton.tsx, LoginWithGithubButton.tsx, LoginWithGoogleButton.tsx, EcosystemButton.tsx, VeChainWithPrivyLoginButton.tsx
- components/AccountModal/AccountModal.tsx, Components/AccountSelector.tsx, Components/BalanceSection.tsx
- components/AccountModal/Contents/Account/AccountMainContent.tsx
- components/AccountModal/Contents/Assets/AssetsContent.tsx, ManageCustomTokenContent.tsx
- components/AccountModal/Contents/Bridge/BridgeContent.tsx
- components/AccountModal/Contents/ChooseName/ChooseNameContent.tsx, ChooseNameSearchContent.tsx, ChooseNameSummaryContent.tsx, Components/ExistingDomainsList.tsx
- components/AccountModal/Contents/ConnectionDetails/ConnectionDetailsContent.tsx
- components/AccountModal/Contents/DisconnectConfirmation/DisconnectConfirmContent.tsx
- components/AccountModal/Contents/Ecosystem/ExploreEcosystemContent.tsx, AppOverviewContent.tsx, Components/AppComponent.tsx, Components/CustomAppComponent.tsx, Components/ShortcutsSection.tsx
- components/AccountModal/Contents/FailedOperation/FailedOperationContent.tsx
- components/AccountModal/Contents/FAQ/FAQContent.tsx
- components/AccountModal/Contents/KitSettings/SettingsContent.tsx, LanguageSettingsContent.tsx, GasTokenSettingsContent.tsx, ChangeCurrencyContent.tsx
- components/AccountModal/Contents/Notifications/NotificationContent.tsx, Components/EmptyNotifications.tsx
- components/AccountModal/Contents/PrivyLinkedAccounts/PrivyLinkedAccounts.tsx
- components/AccountModal/Contents/Profile/ProfileContent.tsx, Components/ProfileCard/ProfileCard.tsx, Customization/CustomizationContent.tsx, Customization/CustomizationSummaryContent.tsx
- components/AccountModal/Contents/Receive/ReceiveTokenContent.tsx
- components/AccountModal/Contents/SelectWallet/SelectWalletContent.tsx, RemoveWalletConfirmContent.tsx, Components/WalletCard.tsx
- components/AccountModal/Contents/SendToken/SendTokenContent.tsx, SendTokenSummaryContent.tsx, SelectTokenContent.tsx
- components/AccountModal/Contents/SuccessfulOperation/SuccessfulOperationContent.tsx
- components/AccountModal/Contents/Swap/SwapTokenContent.tsx, SelectQuoteContent.tsx
- components/AccountModal/Contents/TermsAndPrivacy/TermsAndPrivacyContent.tsx, TermsAndPrivacyAccordion.tsx
- components/AccountModal/Contents/UpgradeSmartAccount/UpgradeSmartAccountContent.tsx
- components/UpgradeSmartAccountModal/UpgradeSmartAccountModal.tsx, Contents/UpgradeSmartAccountContent.tsx, Contents/SuccessfulOperationContent.tsx
- components/LegalDocumentsModal/LegalDocumentsContent.tsx
- components/common/AddressDisplay.tsx

**Verification:**
- `yarn kit:typecheck` passes ✅
- No `@/components` imports remain in codebase ✅

---

